Taxa ID,Sequence count,Genus,Species
1002367,296,Leyella,Leyella stercorea
1006008,1,Enterovirus,Enterovirus A
1018,1,Capnocytophaga,Capnocytophaga ochracea
10244,2,Orthopoxvirus,Monkeypox virus
102684,1,Streptococcus,Streptococcus infantarius
102862,1,Proteus,Proteus penneri
10298,1,Simplexvirus,Simplexvirus humanalpha1
10310,1,Simplexvirus,Simplexvirus humanalpha2
10335,1,Varicellovirus,Varicellovirus humanalpha3
1033850,2,Enterovirus,Rhinovirus A
10359,1,Cytomegalovirus,Cytomegalovirus humanbeta5
10372,1,Roseolovirus,Roseolovirus humanbeta7
10376,1,Lymphocryptovirus,Lymphocryptovirus humangamma4
103855,1,Bordetella,Bordetella hinzii
1038927,8,Escherichia,Escherichia coli
103915,1,Enterovirus,Enterovirus B
1045010,3,Escherichia,Escherichia coli
10519,1,Mastadenovirus,Human mastadenovirus B
10522,1,Mastadenovirus,Human mastadenovirus B
10632,1,Betapolyomavirus,Betapolyomavirus secuhominis
106590,3,Cupriavidus,Cupriavidus necator
106654,2,Acinetobacter,Acinetobacter nosocomialis
1069220,138,Mycolicibacillus,Mycolicibacillus koreensis
10798,1,Erythroparvovirus,Erythroparvovirus primate1
108098,2,Mastadenovirus,Human mastadenovirus B
1081904,102,Hoylesella,Hoylesella pleuritidis
10891,1,,Reovirus sp.
108980,10,Acinetobacter,Acinetobacter ursingii
1095103,4,Pseudomonas,Pseudomonas syringae
109790,1,Lactobacillus,Lactobacillus jensenii
11041,1,Rubivirus,Rubivirus rubellae
110505,1,Mycobacterium,Mycobacterium heckeshornense
11137,1,Alphacoronavirus,Human coronavirus 229E
1115809,88,Segatella,Segatella baroniae
1117645,3,Elizabethkingia,Elizabethkingia anophelis
1121096,204,Bacteroides,Bacteroides gallinarum
1121097,64,Bacteroides,Bacteroides graminisolvens
1121099,144,Bacteroides,Bacteroides propionicifaciens
11216,2,Respirovirus,Respirovirus pneumoniae
11224,1,Orthorubulavirus,Orthorubulavirus hominis
1122978,88,Segatella,Segatella albensis
1122981,168,Prevotella,Prevotella corporis
1122983,184,Prevotella,Prevotella falsenii
1122985,62,Hoylesella,Hoylesella loescheii
1122990,122,Segatella,Segatella paludivivens
1122991,196,Hoylesella,Hoylesella shahii
1122993,56,Prevotella,Prevotella veroralis
11234,1,Morbillivirus,Morbillivirus hominis
11250,2,Orthopneumovirus,Orthopneumovirus hominis
1127699,142,Hoylesella,Hoylesella saccharolytica
1133319,110,Bacteroides,Bacteroides reticulotermitis
1134340,1,Enterovirus,Enterovirus C
1134687,10,Klebsiella,Klebsiella michiganensis
1141754,2,Enterovirus,Enterovirus D
11553,7,Gammainfluenzavirus,Gammainfluenzavirus influenzae
1159213,48,Peptostreptococcus,Peptostreptococcus canis
11676,1,Lentivirus,Human immunodeficiency virus 1
11709,1,Lentivirus,Human immunodeficiency virus 2
117567,4,Mycolicibacterium,Mycolicibacterium frederiksbergense
1177574,4,Prevotella,Prevotella jejuni
119219,4,Cupriavidus,Cupriavidus metallidurans
1197728,204,Prevotella,Prevotella conceptionensis
12060,15,Enterovirus,Enterovirus B
12062,44,Enterovirus,Enterovirus B
12063,1,Parechovirus,Parechovirus A
12067,23,Enterovirus,Enterovirus B
12069,16,Enterovirus,Enterovirus C
12071,9,Enterovirus,Enterovirus B
12072,47,Enterovirus,Enterovirus B
12073,22,Enterovirus,Enterovirus B
12074,94,Enterovirus,Enterovirus B
12078,96,Enterovirus,Enterovirus B
12080,169,Enterovirus,Enterovirus C
12082,1,Enterovirus,Enterovirus C
12083,623,Enterovirus,Enterovirus C
12086,227,Enterovirus,Enterovirus C
12089,60,Enterovirus,Enterovirus C
12090,2,Enterovirus,Enterovirus D
121226,1,Pediculus,Pediculus humanus
12130,9,Enterovirus,Rhinovirus A
12131,3,Enterovirus,Rhinovirus B
12132,2,Enterovirus,Rhinovirus A
12135,18,Enterovirus,Rhinovirus A
121791,1,,
1219376,15,Enterovirus,Rhinovirus C
1219377,37,Enterovirus,Rhinovirus C
1219378,2,Enterovirus,Rhinovirus C
1219379,5,Enterovirus,Rhinovirus C
1219380,7,Enterovirus,Rhinovirus C
1219381,133,Enterovirus,Rhinovirus A
1219404,47,Enterovirus,Rhinovirus C
1219405,1,Enterovirus,Rhinovirus C
1219406,4,Enterovirus,Rhinovirus C
1219407,17,Enterovirus,Rhinovirus C
1219413,5,Enterovirus,Rhinovirus C
1219416,13,Enterovirus,Rhinovirus C
1219419,1,Enterovirus,Rhinovirus C
1220265,4,Enterovirus,Rhinovirus C
12242,1,Tobamovirus,Tobacco mosaic virus
1236508,296,Prevotella,Prevotella aurantiaca
1236509,82,Prevotella,Prevotella dentasini
1236512,296,Bacteroides,Bacteroides rodentium
1236517,4,Prevotella,Prevotella fusca
1236518,6,Prevotella,Prevotella scopos
1240004,50,Enterovirus,Rhinovirus C
12425,1,,Phage 16
1245,2,Leuconostoc,Leuconostoc mesenteroides
1248136,1,Enterovirus,Enterovirus B
1249,1,Weissella,Weissella paramesenteroides
12509,1,Lymphocryptovirus,Lymphocryptovirus humangamma4
1254,3,Pediococcus,Pediococcus acidilactici
1255,12,Pediococcus,Pediococcus pentosaceus
1258,3,Peptoniphilus,Peptoniphilus asaccharolyticus
1260,1,Finegoldia,Finegoldia magna
1260918,35,Mycobacterium,Mycobacterium fragae
1261,10,Peptostreptococcus,Peptostreptococcus anaerobius
126385,1,Providencia,Providencia alcalifaciens
1270,3,Micrococcus,Micrococcus luteus
12730,1,Respirovirus,Respirovirus laryngotracheitidis
1273442,2,Mycobacterium,Mycobacterium bourgelatii
1274,1,Dermacoccus,Dermacoccus nishinomiyaensis
1276,2,Kytococcus,Kytococcus sedentarius
1278306,82,Fusobacterium,Fusobacterium russii
1280,230,Staphylococcus,Staphylococcus aureus
1281,6,Staphylococcus,Staphylococcus carnosus
1282,47,Staphylococcus,Staphylococcus epidermidis
1283,24,Staphylococcus,Staphylococcus haemolyticus
1286,3,Staphylococcus,Staphylococcus simulans
1287640,2,Anaerococcus,Anaerococcus obesiensis
1290,54,Staphylococcus,Staphylococcus hominis
1292,5,Staphylococcus,Staphylococcus warneri
1294177,1,Parechovirus,Parechovirus C
1295563,12,Enterovirus,Enterovirus C
1296,2,Mammaliicoccus,Mammaliicoccus sciuri
1297750,76,Bacteroides,Bacteroides luti
129875,2,Mastadenovirus,Human mastadenovirus A
129951,1,Mastadenovirus,Human mastadenovirus C
1302,5,Streptococcus,Streptococcus gordonii
1303,6,Streptococcus,Streptococcus oralis
130309,1,Mastadenovirus,Human mastadenovirus F
130310,1,Mastadenovirus,Human mastadenovirus D
1304,3,Streptococcus,Streptococcus salivarius
1305,1,Streptococcus,Streptococcus sanguinis
1307443,4,Fusobacterium,Fusobacterium hwasookii
1309,5,Streptococcus,Streptococcus mutans
1311,15,Streptococcus,Streptococcus agalactiae
1313,4,Streptococcus,Streptococcus pneumoniae
1314,10,Streptococcus,Streptococcus pyogenes
1319,1,Streptococcus,Streptococcus sp. 'group B'
1324352,2,Chryseobacterium,Chryseobacterium gallinarum
1328,2,Streptococcus,Streptococcus anginosus
1334,10,Streptococcus,Streptococcus dysgalactiae
1335,2,Streptococcus,Streptococcus equinus
133549,1,Mycobacterium,Mycobacterium shottsii
1335626,1,Betacoronavirus,Middle East respiratory syndrome-related coronavirus
13373,13,Burkholderia,Burkholderia mallei
1338,2,Streptococcus,Streptococcus intermedius
134034,1,Corynebacterium,Corynebacterium freneyi
134537,7,Paraburkholderia,Paraburkholderia fungorum
134601,1,Mycolicibacterium,Mycolicibacterium goodii
1347393,36,Bacteroides,Bacteroides neonati
1351,16,Enterococcus,Enterococcus faecalis
1352,38,Enterococcus,Enterococcus faecium
1353,3,Enterococcus,Enterococcus gallinarum
1353889,2,Achromobacter,Achromobacter pestifer
1353891,1,Achromobacter,Achromobacter deleyi
1354,14,Enterococcus,Enterococcus hirae
1358,17,Lactococcus,Lactococcus lactis
1363,13,Lactococcus,Lactococcus garvieae
13689,8,Sphingomonas,Sphingomonas paucimobilis
1376,1,Aerococcus,Aerococcus urinae
1377,1,Aerococcus,Aerococcus viridans
1379,1,Gemella,Gemella haemolysans
1388691,112,Staphylococcus,Staphylococcus aureus
138948,15,Enterovirus,Enterovirus A
138949,16,Enterovirus,Enterovirus B
138950,33,Enterovirus,Enterovirus C
138951,42,Enterovirus,Enterovirus D
1389713,5,Mycobacterium,Mycobacterium paragordonae
139,12,Borreliella,Borreliella burgdorferi
1391,132,Aneurinibacillus,Aneurinibacillus aneurinilyticus
1392,30,Bacillus,Bacillus anthracis
1395125,64,Segatella,Segatella salivae
1396,34,Bacillus,Bacillus cereus
1397,5,Niallia,Niallia circulans
1398,1,Heyndrickxia,Heyndrickxia coagulans
1398067,76,Staphylococcus,Staphylococcus aureus
1402,5,Bacillus,Bacillus licheniformis
1405,4,Bacillus,Bacillus mycoides
1407,2,Peribacillus,Peribacillus psychrosaccharolyticus
1408439,50,Fusobacterium,Fusobacterium perfoetens
1409,4,Bacillus,Bacillus sp. (in: firmicutes)
1410666,44,Xylanibacter,Xylanibacter brevis
1411144,508,Bacteroides,Bacteroides caecigallinarum
1412673,26,Staphylococcus,Staphylococcus aureus
1412756,24,Staphylococcus,Staphylococcus aureus
1418031,1,Enterovirus,Rhinovirus C
1418033,18,Enterovirus,Rhinovirus C
1418041,9,Enterovirus,Rhinovirus C
1418042,1,Enterovirus,Rhinovirus C
1418043,2,Enterovirus,Rhinovirus C
1418062,44,Enterovirus,Rhinovirus C
1421888,34,Staphylococcus,Staphylococcus aureus
1423,1,Bacillus,Bacillus subtilis
1423734,188,Agrilactobacillus,Agrilactobacillus composti
1424613,3,Orthohantavirus,Orthohantavirus thailandense
1428,45,Bacillus,Bacillus thuringiensis
1430326,142,Mycobacterium,Mycobacterium decipiens
143387,70,Fusobacterium,Fusobacterium necrophorum
1435148,2,Enterovirus,Enterovirus A
1462569,142,Bacteroides,Bacteroides caecicola
1462571,424,Bacteroides,Bacteroides gallinaceum
1463165,10,Klebsiella,Klebsiella quasipneumoniae
1470345,422,Bacteroides,Bacteroides timonensis
147645,13,Paracoccus,Paracoccus yeei
147672,8,Enterovirus,Rhinovirus A
147675,14,Enterovirus,Rhinovirus A
147676,1,Enterovirus,Rhinovirus A
147677,4,Enterovirus,Rhinovirus B
147681,83,Enterovirus,Rhinovirus B
147683,1,Enterovirus,Rhinovirus B
147684,4,Enterovirus,Rhinovirus A
147685,39,Enterovirus,Rhinovirus A
147711,12,Enterovirus,Rhinovirus A
147712,9,Enterovirus,Rhinovirus B
1487726,71,Mycobacterium,Mycobacterium persicum
149385,4,Salmonella,Salmonella enterica
1496,22,Clostridioides,Clostridioides difficile
150055,2,Streptococcus,Streptococcus lutetiensis
150056,1,Mammaliicoccus,Mammaliicoccus fleurettii
1502,11,Clostridium,Clostridium perfringens
1509,9,Clostridium,Clostridium sporogenes
1511882,1,Bocaparvovirus,Bocaparvovirus primate2
1511883,1,Bocaparvovirus,Bocaparvovirus primate2
152142,353,Mycolicibacterium,Mycolicibacterium holsaticum
152480,8,Burkholderia,Burkholderia ambifaria
152500,9,Burkholderia,Burkholderia dolosa
1530123,1,Acinetobacter,Acinetobacter seifertii
1531,1,Enterocloster,Enterocloster clostridioformis
1547,3,Thomasclavelia,Thomasclavelia ramosa
1552759,2,Mycolicibacterium,Mycolicibacterium grossiae
1563222,3,Citrobacter,Citrobacter pasteurii
156976,1,Corynebacterium,Corynebacterium riegelii
158822,2,Cedecea,Cedecea neteri
158836,15,Enterobacter,Enterobacter hormaechei
1602169,176,Prevotella,Prevotella pectinovora
161879,3,Corynebacterium,Corynebacterium kroppenstedtii
1620419,6,Salmonella,Salmonella enterica
162145,1,Metapneumovirus,Metapneumovirus hominis
162425,91,Aspergillus,Aspergillus nidulans
1630135,1,Dermabacter,Dermabacter vaginalis
1639,14,Listeria,Listeria monocytogenes
1639133,6,Citrobacter,Citrobacter portucalensis
1642,5,Listeria,Listeria innocua
1643,1,Listeria,Listeria welshimeri
1655,1,Actinomyces,Actinomyces naeslundii
1660,1,Schaalia,Schaalia odontolytica
167322,1,Enterovirus,Rhinovirus A
167324,5,Enterovirus,Rhinovirus A
167325,4,Enterovirus,Rhinovirus B
167330,1,Enterovirus,Rhinovirus B
1676614,170,Xylanibacter,Xylanibacter rarus
1685,1,Bifidobacterium,Bifidobacterium breve
169066,1,Enterovirus,Human rhinovirus sp.
169292,4,Corynebacterium,Corynebacterium aurimucosum
169765,1,Mycobacterium,Mycobacterium lacus
1702170,1,Citrobacter,Citrobacter sp. FDAARGOS_156
1702171,1,Streptococcus,Streptococcus sp. FDAARGOS_146
1703337,122,Hallella,Hallella colorans
170573,3,Staphylococcus,Staphylococcus pettenkoferi
1717,1,Corynebacterium,Corynebacterium diphtheriae
1719132,1,Mycobacterium,Mycobacterium vicinigordonae
172042,1,Rothia,Rothia aeria
172314,1,Parechovirus,Parechovirus B
1725,5,Corynebacterium,Corynebacterium xerosis
1747,2,Cutibacterium,Cutibacterium acnes
1750,1,Arachnia,Arachnia propionica
175567,1,Mastadenovirus,Human mastadenovirus E
1756149,1,Elizabethkingia,Elizabethkingia bruuniana
1768,2,Mycobacterium,Mycobacterium kansasii
1769,1,Mycobacterium,Mycobacterium leprae
1770,1,Mycobacterium,Mycobacterium avium
1772,3,Mycolicibacterium,Mycolicibacterium smegmatis
1773,5,Mycobacterium,Mycobacterium tuberculosis
1775,1,Mycobacterium,Mycobacterium cookii
1776379,54,Leyella,Leyella lascolaii
1776388,24,Prevotella,Prevotella phocaeensis
1777,154,Mycobacterium,Mycobacterium gastri
1778,260,Mycobacterium,Mycobacterium gordonae
1780,115,Mycobacterium,Mycobacterium malmoense
1781,1,Mycobacterium,Mycobacterium marinum
1783,184,Mycobacterium,Mycobacterium scrofulaceum
1787,178,Mycobacterium,Mycobacterium szulgai
1789,21,Mycobacterium,Mycobacterium xenopi
1790,10,Mycobacterium,Mycobacterium asiaticum
1795032,128,Mycolicibacter,Mycolicibacter virginiensis
1796,1,Mycolicibacterium,Mycolicibacterium senegalense
1796613,2,Bacteroides,Bacteroides caecimuris
1801,52,Mycolicibacterium,Mycolicibacterium diernhoferi
1803956,1,Parechovirus,Parechovirus A
1809,5,Mycobacterium,Mycobacterium ulcerans
1812935,14,Enterobacter,Enterobacter roggenkampii
182082,1,Chlamydia,Chlamydia pneumoniae
1824,2,Nocardia,Nocardia asteroides
1839798,4,Bacillus,Bacillus sp. FDAARGOS_235
1839799,3,Streptococcus,Streptococcus sp. FDAARGOS_192
1839800,1,Yersinia,Yersinia sp. FDAARGOS_228
1841855,40,Bacteroides,Bacteroides bouchesdurhonensis
1841856,36,Bacteroides,Bacteroides mediterraneensis
1841859,12,Mycobacterium,Mycobacterium terramassiliense
1841860,1,Mycobacterium,Mycobacterium rhizamassiliense
1841861,4,Mycobacterium,Mycobacterium numidiamassiliense
1852362,12,Bacteroides,Bacteroides ihuae
1852365,12,Fusobacterium,Fusobacterium massiliense
1858794,381,Mycobacterium,Mycobacterium talmoniae
185889,2,Enterovirus,Rhinovirus B
185891,5,Enterovirus,Rhinovirus A
185893,4,Enterovirus,Rhinovirus A
185894,2,Enterovirus,Rhinovirus A
185896,8,Enterovirus,Rhinovirus A
185897,19,Enterovirus,Rhinovirus A
185898,29,Enterovirus,Rhinovirus A
185900,15,Enterovirus,Rhinovirus B
185901,17,Enterovirus,Rhinovirus A
185902,13,Enterovirus,Rhinovirus A
185905,2,Enterovirus,Rhinovirus A
185907,38,Enterovirus,Rhinovirus A
185908,2,Enterovirus,Rhinovirus A
185909,1,Enterovirus,Rhinovirus A
185911,5,Enterovirus,Rhinovirus A
185912,1,Enterovirus,Rhinovirus A
185913,3,Enterovirus,Rhinovirus A
185914,7,Enterovirus,Rhinovirus A
185916,1,Enterovirus,Rhinovirus A
185917,1,Enterovirus,Rhinovirus A
185918,5,Enterovirus,Rhinovirus A
185919,6,Enterovirus,Rhinovirus A
185920,11,Enterovirus,Rhinovirus A
185921,2,Enterovirus,Rhinovirus A
185923,6,Enterovirus,Rhinovirus A
185924,14,Enterovirus,Rhinovirus A
185925,2,Enterovirus,Rhinovirus A
185926,3,Enterovirus,Rhinovirus B
185928,1,Enterovirus,Rhinovirus A
185934,12,Enterovirus,Rhinovirus A
185935,3,Enterovirus,Rhinovirus A
185936,1,Enterovirus,Rhinovirus B
185937,3,Enterovirus,Rhinovirus A
185938,3,Enterovirus,Rhinovirus B
185939,1,Enterovirus,Rhinovirus A
185941,3,Enterovirus,Rhinovirus A
1871006,22,Bacteroides,Bacteroides congonensis
1876769,8,Acinetobacter,Acinetobacter sp. FDAARGOS_131
1891762,1,Betapolyomavirus,Betapolyomavirus hominis
1903262,28,Bacteroides,Bacteroides ndongoniae
1907658,28,Bacteroides,Bacteroides ilei
1908205,93,Mycobacterium,Mycobacterium syngnathidarum
1912894,204,Bacteroides,Bacteroides kribbi
1912896,202,Bacteroides,Bacteroides koreensis
1917878,38,Prevotella,Prevotella ihumii
1917883,46,Bacteroides,Bacteroides togonis
1927124,111,Mycobacterium,Mycobacterium aquaticum
1930557,2,Shewanella,Shewanella sp. FDAARGOS_354
1930558,1,Micrococcus,Micrococcus sp. FDAARGOS_333
195,15,Campylobacter,Campylobacter coli
197,9,Campylobacter,Campylobacter jejuni
1975705,1,Psychrobacter,Psychrobacter sp. FDAARGOS_221
1975706,2,Streptococcus,Streptococcus sp. FDAARGOS_256
1975707,6,Pantoea,Pantoea sp. FDAARGOS_194
197575,1,Haemophilus,Haemophilus aegyptius
1979527,2,Corynebacterium,Corynebacterium kefirresidentii
1980468,2,,
200154,2,Enterovirus,Enterovirus B
201,1,Campylobacter,Campylobacter lari
2015550,2,Enterovirus,Enterovirus D
2018065,8,Roseomonas,Roseomonas sp. FDAARGOS_362
2018066,2,Nocardia,Nocardia sp. FDAARGOS_372
2018067,1,Pseudomonas,Pseudomonas sp. FDAARGOS_380
2024197,48,Bacteroides,Bacteroides cutis
2026188,8,Bacillus,Bacillus tropicus
2027919,1,Enterobacter,Enterobacter cloacae complex sp.
203267,2,Tropheryma,Tropheryma whipplei
2032983,7,Enterovirus,Rhinovirus C
2034511,210,Mycolicibacterium,Mycolicibacterium palauense
2035045,1,Enterovirus,Rhinovirus C
2045067,1,Enterovirus,Rhinovirus C
2045069,2,Enterovirus,Rhinovirus C
2045070,1,Enterovirus,Rhinovirus C
2045073,3,Enterovirus,Rhinovirus C
2045074,6,Enterovirus,Rhinovirus C
2045075,4,Enterovirus,Rhinovirus C
2045078,1,Enterovirus,Rhinovirus C
2045079,12,Enterovirus,Rhinovirus C
2047,1,Rothia,Rothia dentocariosa
2048550,69,Mycobacterium,Mycobacterium lehmannii
2048551,58,Mycobacterium,Mycobacterium neumannii
2051,2,Mobiluncus,Mobiluncus curtisii
2052,5,Mobiluncus,Mobiluncus mulieris
2054,3,Gordonia,Gordonia bronchialis
2054153,10553,Mucor,Mucor circinatus
2060307,3,Enterococcus,Enterococcus sp. FDAARGOS_375
207340,5,Roseomonas,Roseomonas mucosa
208479,2,Enterocloster,Enterocloster bolteae
2094116,14,Enterovirus,Rhinovirus C
2094119,1,Mycobacterium,Mycobacterium basiliense
210,5,Helicobacter,Helicobacter pylori
2104,2,Mycoplasmoides,Mycoplasmoides pneumoniae
2124,1,Metamycoplasma,Metamycoplasma salivarium
215200,24,Peptostreptococcus,Peptostreptococcus russellii
2152662,1,Enterovirus,Enterovirus A
2162698,54,Mycobacterium,Mycobacterium uberis
217204,2,Achromobacter,Achromobacter insolitus
218496,2,Tropheryma,Tropheryma whipplei
2201033,6,Staphylococcus,Staphylococcus sp. FDAARGOS_39
2212479,132,Mycobacterium,Mycobacterium kyogaense
222889,1,Enterovirus,Enterovirus B
227377,2,Coxiella,Coxiella burnetii
227984,1,Betacoronavirus,Severe acute respiratory syndrome-related coronavirus
2341080,2,Mycobacterium,Mycobacterium pseudokansasii
2341083,361,Mycobacterium,Mycobacterium innocens
2341086,196,Mycobacterium,Mycobacterium attenuatum
24,1,Shewanella,Shewanella putrefaciens
2420300,4,Acinetobacter,Acinetobacter sp. FDAARGOS_493
2420301,2,Acinetobacter,Acinetobacter sp. FDAARGOS_494
2420302,6,Acinetobacter,Acinetobacter sp. FDAARGOS_495
2420303,8,Acinetobacter,Acinetobacter sp. FDAARGOS_558
2420304,7,Acinetobacter,Acinetobacter sp. FDAARGOS_559
2420305,3,Acinetobacter,Acinetobacter sp. FDAARGOS_560
2420306,2,Serratia,Serratia sp. FDAARGOS_506
2420307,4,Acinetobacter,Acinetobacter sp. FDAARGOS_515
2420308,1,Streptococcus,Streptococcus sp. FDAARGOS_520
2420309,1,Streptococcus,Streptococcus sp. FDAARGOS_521
2420310,1,Streptococcus,Streptococcus sp. FDAARGOS_522
2420311,8,Agrobacterium,Agrobacterium sp. FDAARGOS_525
2420312,4,Acinetobacter,Acinetobacter sp. FDAARGOS_541
2420313,3,Enterococcus,Enterococcus sp. FDAARGOS_553
242737,123,Mycobacterium,Mycobacterium neglectum
243273,1,Mycoplasmoides,Mycoplasmoides genitalium
2434,3,Roseobacter,Roseobacter denitrificans
244292,175,Mycobacterium,Mycobacterium nebraskense
244366,11,Klebsiella,Klebsiella variicola
2447885,106,Bacteroides,Bacteroides faecalis
246432,15,Staphylococcus,Staphylococcus equorum
246437,1,Tupaia,Tupaia chinensis
246787,9,Bacteroides,Bacteroides cellulosilyticus
2479840,46,Prevotella,Prevotella marseillensis
2487725,1,Enterovirus,Enterovirus B
2488567,5,Klebsiella,Klebsiella sp. FDAARGOS_511
2490854,4,Prevotella,Prevotella koreensis
2492438,1,Mycobacterium,Mycobacterium novum
250,1,Chryseobacterium,Chryseobacterium gleum
2508867,228,Prevotella,Prevotella brunnea
2518605,292,Segatella,Segatella hominis
253,5,Chryseobacterium,Chryseobacterium indologenes
2545797,5,Acinetobacter,Acinetobacter sp. FDAARGOS_724
2545798,1,Cedecea,Cedecea sp. FDAARGOS_727
2545799,1,Capnocytophaga,Capnocytophaga sp. FDAARGOS_737
2545800,1,Pseudomonas,Pseudomonas sp. FDAARGOS_761
2555550,3,Enterovirus,Rhinovirus C
256,2,Myroides,Myroides odoratus
2560525,1,Orthorubulavirus,Orthorubulavirus laryngotracheitidis
2560602,1,Orthorubulavirus,Orthorubulavirus parotitidis
2576356,9,Bacillus,Bacillus sp. FDAARGOS_527
258,4,Sphingobacterium,Sphingobacterium spiritivorum
2592811,387,Mycobacterium,Mycobacterium helveticum
2606637,216,Hallella,Hallella mizrahii
261524,2,Mycobacterium,Mycobacterium liflandii
263,10,Francisella,Francisella tularensis
2650157,132,Bacteroides,Bacteroides zhangwenhongii
2650158,2,Bacteroides,Bacteroides luhongzhouii
2650411,11,Enterovirus,Enterovirus C
2652282,22,Peptostreptococcus,Peptostreptococcus porci
265949,1,Mycobacterium,Mycobacterium pseudoshottsii
2663009,2,Fusobacterium,Fusobacterium pseudoperiodonticum
2691036,2,Enterovirus,Enterovirus C
2697049,1,Betacoronavirus,Severe acute respiratory syndrome-related coronavirus
2702,3,Gardnerella,Gardnerella vaginalis
272561,1,Chlamydia,Chlamydia trachomatis
273371,8,Candida,Candida orthopsilosis
2738409,187,Mycobacterium,Mycobacterium ostraviense
2741,58,Peptococcus,Peptococcus niger
2749421,1,Enterovirus,Enterovirus C
2760809,2,Enterovirus,Enterovirus A
2760813,2,Enterovirus,Enterovirus B
2760819,3,Enterovirus,Enterovirus C
2760820,3,Enterovirus,Enterovirus C
2766470,4,Leuconostoc,Leuconostoc falkenbergense
2777131,1,Enterovirus,Rhinovirus C
2777132,4,Enterovirus,Rhinovirus C
2777136,4,Enterovirus,Rhinovirus B
2777137,2,Enterovirus,Rhinovirus B
2777143,4,Enterovirus,Rhinovirus A
2777147,258,Enterovirus,Rhinovirus A
2778051,4,Aeromonas,Aeromonas sp. FDAARGOS 1402
2778052,1,Aeromonas,Aeromonas sp. FDAARGOS 1403
2778053,1,Aeromonas,Aeromonas sp. FDAARGOS 1404
2778054,3,Aeromonas,Aeromonas sp. FDAARGOS 1405
2778055,1,Aeromonas,Aeromonas sp. FDAARGOS 1406
2778056,2,Aeromonas,Aeromonas sp. FDAARGOS 1407
2778057,1,Aeromonas,Aeromonas sp. FDAARGOS 1408
2778058,1,Aeromonas,Aeromonas sp. FDAARGOS 1409
2778059,2,Aeromonas,Aeromonas sp. FDAARGOS 1410
2778060,1,Aeromonas,Aeromonas sp. FDAARGOS 1411
2778063,1,Aeromonas,Aeromonas sp. FDAARGOS 1414
2778064,2,Aeromonas,Aeromonas sp. FDAARGOS 1415
2778065,1,Aeromonas,Aeromonas sp. FDAARGOS 1416
2778066,2,Aeromonas,Aeromonas sp. FDAARGOS 1417
2778067,1,Aeromonas,Aeromonas sp. FDAARGOS 1418
2778068,1,Aeromonas,Aeromonas sp. FDAARGOS 1419
2778070,2,Amycolatopsis,Amycolatopsis sp. FDAARGOS 1241
2778077,1,Chryseobacterium,Chryseobacterium sp. FDAARGOS 1104
2778078,2,Corynebacterium,Corynebacterium sp. FDAARGOS 1242
2778082,2,Rhodanobacter,Rhodanobacter sp. FDAARGOS 1247
277944,1,Alphacoronavirus,Human coronavirus NL63
2800387,278,Prevotella,Prevotella illustrans
28035,6,Staphylococcus,Staphylococcus lugdunensis
28037,2,Streptococcus,Streptococcus mitis
28045,81,Mycobacterium,Mycobacterium celatum
28080,2,Campylobacter,Campylobacter upsaliensis
28082,8,Legionella,Legionella anisa
28090,37,Acinetobacter,Acinetobacter lwoffii
28095,13,Burkholderia,Burkholderia gladioli
28111,67,Bacteroides,Bacteroides eggerthii
28113,2,Bacteroides,Bacteroides heparinolyticus
28116,4,Bacteroides,Bacteroides ovatus
28119,2,Bacteroides,Bacteroides zoogleoformans
28126,6,Segatella,Segatella buccae
28129,6,Prevotella,Prevotella denticola
28130,12,Prevotella,Prevotella disiens
28131,4,Prevotella,Prevotella intermedia
28132,4,Prevotella,Prevotella melaninogenica
28133,8,Prevotella,Prevotella nigrescens
28135,2,Segatella,Segatella oris
28141,6,Cronobacter,Cronobacter sakazakii
28152,1,Yersinia,Yersinia kristensenii
28169,6,Vibrio,Vibrio pelagius
282345,8,Enterovirus,Enterovirus B
282402,4,Prevotella,Prevotella multiformis
283734,3,Staphylococcus,Staphylococcus pseudintermedius
28450,8,Burkholderia,Burkholderia pseudomallei
28454,8,Sphingobacterium,Sphingobacterium multivorum
2856338,8,Bacillus,Bacillus sp. FDAARGOS_1420
285729,4,Fusobacterium,Fusobacterium canifelinum
287,22,Pseudomonas,Pseudomonas aeruginosa
28875,11,Rotavirus,Rotavirus A
28901,65,Salmonella,Salmonella enterica
290028,1,Betacoronavirus,Human coronavirus HKU1
291644,38,Bacteroides,Bacteroides salyersiae
291645,3,Bacteroides,Bacteroides nordii
292,8,Burkholderia,Burkholderia cepacia
293,1,Brevundimonas,Brevundimonas diminuta
29311,1,Mycobacterium,Mycobacterium haemophilum
29313,6,Mycobacterium,Mycobacterium shimoidei
29347,1,Lachnoclostridium,[Clostridium] scindens
29379,1,Staphylococcus,Staphylococcus auricularis
29382,15,Staphylococcus,Staphylococcus cohnii
29385,12,Staphylococcus,Staphylococcus saprophyticus
29388,10,Staphylococcus,Staphylococcus capitis
29391,1,Gemella,Gemella morbillorum
294,1,Pseudomonas,Pseudomonas fluorescens
29430,4,Acinetobacter,Acinetobacter haemolyticus
29466,1,Veillonella,Veillonella parvula
29484,2,Yersinia,Yersinia frederiksenii
29489,1,Aeromonas,Aeromonas enteropelogenes
29494,3,Vibrio,Vibrio furnissii
297248,6,Enterovirus,Enterovirus A
29924,23,Mucor,Mucor lusitanicus
299767,2,Enterobacter,Enterobacter ludwigii
300181,1,Serratia,Serratia ureilytica
303,5,Pseudomonas,Pseudomonas putida
306586,1,Enterovirus,Enterovirus A
306588,10,Enterovirus,Enterovirus A
310300,230,Bacteroides,Bacteroides pyogenes
310540,1,Mastadenovirus,Human mastadenovirus G
311231,3,Paraburkholderia,Paraburkholderia ginsengisoli
315405,2,Streptococcus,Streptococcus gallolyticus
316,4,Stutzerimonas,Stutzerimonas stutzeri
31631,1,Betacoronavirus,Betacoronavirus 1
31704,275,Enterovirus,Enterovirus A
31708,2,Enterovirus,Rhinovirus A
318563,5,Enterovirus,Enterovirus B
318564,2,Enterovirus,Enterovirus B
318566,9,Enterovirus,Enterovirus B
318567,1,Enterovirus,Enterovirus B
318568,5,Enterovirus,Enterovirus B
318570,1,Enterovirus,Enterovirus B
318571,4,Enterovirus,Enterovirus B
32002,3,Achromobacter,Achromobacter denitrificans
32009,8,Burkholderia,Burkholderia gladioli
32013,1,Comamonas,Comamonas terrigena
32021,1,Campylobacter,Campylobacter jejuni
324058,157,Mycobacterium,Mycobacterium alsense
325445,11,Enterovirus,Enterovirus C
325446,2,Enterovirus,Enterovirus B
32603,1,Roseolovirus,Roseolovirus humanbeta6a
32604,1,Roseolovirus,Roseolovirus humanbeta6b
32630,106,,synthetic construct
32644,2,,unidentified
329,2,Ralstonia,Ralstonia pickettii
329854,2,Bacteroides,Bacteroides intestinalis
33028,1,Staphylococcus,Staphylococcus saccharolyticus
33033,2,Parvimonas,Parvimonas micra
33037,1,Anaerococcus,Anaerococcus vaginalis
33038,1,Mediterraneibacter,Mediterraneibacter gnavus
330922,2,Psychrobacter,Psychrobacter cryohalolentis
331636,2,Chlamydia,Chlamydia psittaci
33178,27,Aspergillus,Aspergillus terreus
335341,8,Alphainfluenzavirus,Alphainfluenzavirus influenzae
337,13,Burkholderia,Burkholderia glumae
33757,37,Enterovirus,Enterovirus A
338188,236,Bacteroides,Bacteroides finegoldii
33889,5,Brevibacterium,Brevibacterium casei
33935,3,Lysinibacillus,Lysinibacillus macroides
33945,12,Enterococcus,Enterococcus avium
33968,8,Leuconostoc,Leuconostoc pseudomesenteroides
34062,18,Moraxella,Moraxella osloensis
34105,2,Streptobacillus,Streptobacillus moniliformis
342113,4,Burkholderia,Burkholderia oklahomensis
35293,4,Enterovirus,Enterovirus B
35294,1,Enterovirus,Enterovirus B
35295,4,Enterovirus,Enterovirus B
35703,11,Citrobacter,Citrobacter amalonaticus
357276,7,Phocaeicola,Phocaeicola dorei
358,4,Agrobacterium,Agrobacterium tumefaciens
36080,401,Mucor,Mucor circinelloides
36808,2,Corynebacterium,Corynebacterium bovis
36809,2,Mycobacteroides,Mycobacteroides abscessus
36855,2,Brucella,Brucella canis
36911,9,Clavispora,Clavispora lusitaniae
370524,3,Mycolicibacterium,Mycolicibacterium pallens
371601,8,Bacteroides,Bacteroides xylanisolvens
37296,1,Rhadinovirus,Rhadinovirus humangamma8
37326,1,Nocardia,Nocardia brasiliensis
37734,12,Enterococcus,Enterococcus casseliflavus
37752,30,Flavobacterium,Flavobacterium hibernum
37923,2,Rothia,Rothia kristinae
380021,1,Pseudomonas,Pseudomonas protegens
38289,4,Corynebacterium,Corynebacterium jeikeium
38290,1,Corynebacterium,Corynebacterium macginleyi
38301,3,Corynebacterium,Corynebacterium minutissimum
38304,3,Corynebacterium,Corynebacterium tuberculostearicum
38323,3,Bartonella,Bartonella henselae
386414,44,Hoylesella,Hoylesella timonensis
386911,1,Mycobacterium,Mycobacterium seoulense
387090,1,Phocaeicola,Phocaeicola coprophilus
39054,1081,Enterovirus,Enterovirus A
39689,2,Mycobacterium,Mycobacterium gallinarum
39693,5,Mycolicibacterium,Mycolicibacterium porcinum
39767,10,Enterovirus,Rhinovirus A
39791,5,Corynebacterium,Corynebacterium glucuronolyticum
398694,1,Mycobacterium,Mycobacterium shinjukuense
40214,30,Acinetobacter,Acinetobacter johnsonii
40216,6,Acinetobacter,Acinetobacter radioresistens
40280,2,Enterovirus,Enterovirus B
40324,6,Stenotrophomonas,Stenotrophomonas maltophilia
40545,1,Sutterella,Sutterella wadsworthensis
40690,1,Trematomus,Trematomus bernacchii
4097,24,Nicotiana,Nicotiana tabacum
410072,1,Coprococcus,Coprococcus comes
411577,2,Anaerococcus,Anaerococcus murdochii
41276,1,Brevundimonas,Brevundimonas vesicularis
41413,82,Aspergillus,Aspergillus glaucus
41846,30,Enterovirus,Enterovirus B
41899,5,Burkholderia,Burkholderia plantarii
419005,224,Prevotella,Prevotella amnii
42068,70,Pneumocystis,Pneumocystis jirovecii
42374,8,Candida,Candida dubliniensis
425941,22,Hoylesella,Hoylesella nanceiensis
42769,261,Enterovirus,Enterovirus A
42770,3,Enterovirus,Enterovirus C
42771,22,Enterovirus,Enterovirus A
42772,4,Enterovirus,Enterovirus C
42775,2,Enterovirus,Enterovirus C
42778,2,Enterovirus,Enterovirus C
42779,3,Enterovirus,Enterovirus C
42782,2,Enterovirus,Enterovirus C
42783,3,Enterovirus,Enterovirus C
42785,68,Enterovirus,Enterovirus A
42786,13,Enterovirus,Enterovirus A
42787,3,Enterovirus,Enterovirus A
42788,9,Enterovirus,Enterovirus A
42789,678,Enterovirus,Enterovirus D
430531,3,Burkholderia,Burkholderia humptydooensis
43348,2,Mycobacterium,Mycobacterium branderi
43674,2,Jonesia,Jonesia denitrificans
43675,2,Rothia,Rothia mucilaginosa
43765,5,Corynebacterium,Corynebacterium amycolatum
43767,1,Prescottella,Prescottella equi
43769,2,Corynebacterium,Corynebacterium propinquum
43770,5,Corynebacterium,Corynebacterium striatum
43771,3,Corynebacterium,Corynebacterium urealyticum
44010,1,Mycobacterium,Mycobacterium conspicuum
44128,5,Enterovirus,Rhinovirus A
44129,14,Enterovirus,Rhinovirus A
44130,7,Enterovirus,Rhinovirus B
44131,18,Enterovirus,Rhinovirus A
44133,8,Enterovirus,Rhinovirus A
44275,2,Leptospira,Leptospira interrogans
446,7,Legionella,Legionella pneumophila
450,3,Legionella,Legionella longbeachae
45101,15,Enterovirus,Enterovirus B
45972,19,Staphylococcus,Staphylococcus pasteuri
459858,1,Mycobacterium,Mycobacterium noviomagense
46018,20,Enterovirus,Enterovirus B
46124,1,Granulicatella,Granulicatella adiacens
46125,1,Abiotrophia,Abiotrophia defectiva
46127,1,Staphylococcus,Staphylococcus felis
463676,34,Enterovirus,Rhinovirus C
46472,51,Aspergillus,Aspergillus versicolor
46506,2,Bacteroides,Bacteroides stercoris
465797,2,Acinetobacter,Acinetobacter septicus
469615,2,Fusobacterium,Fusobacterium gonidiaformans
469618,4,Fusobacterium,Fusobacterium varium
470,26,Acinetobacter,Acinetobacter baumannii
470074,525,Mycobacterium,Mycobacterium angelicum
470565,4,Prevotella,Prevotella histicola
470934,4,Pantoea,Pantoea vagans
471,1,Acinetobacter,Acinetobacter calcoaceticus
47500,28,Aneurinibacillus,Aneurinibacillus migulanus
47501,1,Enterovirus,Enterovirus B
47502,2,Enterovirus,Enterovirus B
47504,3,Enterovirus,Enterovirus B
47506,31,Enterovirus,Enterovirus B
47507,2,Enterovirus,Enterovirus B
47508,3,Enterovirus,Enterovirus B
47509,1,Enterovirus,Enterovirus B
47510,2,Enterovirus,Enterovirus B
47512,1,Enterovirus,Enterovirus B
47513,1,Enterovirus,Enterovirus B
47515,9,Enterovirus,Enterovirus B
47516,6,Enterovirus,Enterovirus B
47678,106,Bacteroides,Bacteroides caccae
47770,2,Lactobacillus,Lactobacillus crispatus
478,4,Moraxella,Moraxella nonliquefaciens
47880,1,Pseudomonas,Pseudomonas fulva
47885,3,Pseudomonas,Pseudomonas oryzihabitans
47886,5,Pseudomonas,Pseudomonas luteola
47917,1,Serratia,Serratia fonticola
480,2,Moraxella,Moraxella catarrhalis
480418,126,Mycobacterium,Mycobacterium lepromatosis
482462,5,Mycobacterium,Mycobacterium dioxanotrophicus
4829,5338,Absidia,Absidia glauca
48296,28,Acinetobacter,Acinetobacter pittii
483,1,Neisseria,Neisseria cinerea
4839,870,Rhizomucor,Rhizomucor miehei
4840,705,Rhizomucor,Rhizomucor pusillus
4841,6360,Mucor,Mucor racemosus
4846,5567,Rhizopus,Rhizopus stolonifer
485,7,Neisseria,Neisseria gonorrhoeae
486698,3,Mycobacterium,Mycobacterium riyadhense
487,8,Neisseria,Neisseria meningitidis
487514,126,Mycobacterium,Mycobacterium kyorinense
488,2,Neisseria,Neisseria mucosa
4909,5,Pichia,Pichia kudriavzevii
4911,9,Kluyveromyces,Kluyveromyces marxianus
4929,9,Meyerozyma,Meyerozyma guilliermondii
4932,62,Saccharomyces,Saccharomyces cerevisiae
4956,7,Zygosaccharomyces,Zygosaccharomyces rouxii
498019,20,Candidozyma,Candidozyma auris
49897,218,Mycolicibacterium,Mycolicibacterium hodleri
502,1,Kingella,Kingella denitrificans
502347,1,Escherichia,Escherichia albertii
5057,143,Aspergillus,Aspergillus clavatus
5059,8,Aspergillus,Aspergillus flavus
5061,25,Aspergillus,Aspergillus niger
50719,7,Vibrio,Vibrio diabolicus
511,2,Alcaligenes,Alcaligenes faecalis
512402,96,Mycolicibacter,Mycolicibacter heraklionensis
518,5,Bordetella,Bordetella bronchiseptica
518987,8,Betainfluenzavirus,Betainfluenzavirus influenzae
519,1,Bordetella,Bordetella parapertussis
520,11,Bordetella,Bordetella pertussis
52773,1,Schaalia,Schaalia meyeri
529,5,Brucella,Brucella anthropi
53345,9,Enterococcus,Enterococcus durans
53374,1,Corynebacterium,Corynebacterium coyleae
53378,85,Mycobacterium,Mycobacterium paraffinicum
536,6,Chromobacterium,Chromobacterium violaceum
537011,6,Segatella,Segatella copri
537973,3,Lacticaseibacillus,Lacticaseibacillus paracasei
539,1,Eikenella,Eikenella corrodens
54005,2,Peptoniphilus,Peptoniphilus harei
54291,9,Raoultella,Raoultella ornithinolytica
54388,1,Salmonella,Salmonella enterica
544580,2,Actinomyces,Actinomyces oris
544645,1,Butyricimonas,Butyricimonas virosa
545,28,Citrobacter,Citrobacter koseri
546,7,Citrobacter,Citrobacter freundii
546275,106,Fusobacterium,Fusobacterium periodonticum
546367,8,Hafnia,Hafnia paralvei
547163,133,Mycolicibacterium,Mycolicibacterium vulneris
5476,69,Candida,Candida albicans
5478,14,Nakaseomyces,Nakaseomyces glabratus
548,23,Klebsiella,Klebsiella aerogenes
5480,56,Candida,Candida parapsilosis
5482,24,Candida,Candida tropicalis
549,3,Pantoea,Pantoea agglomerans
550,3,Enterobacter,Enterobacter cloacae
553,4,Pantoea,Pantoea ananatis
553174,4,Prevotella,Prevotella melaninogenica
556499,1,Propionibacterium,Propionibacterium acidifaciens
558537,2,Delftia,Delftia lacustris
562,696,Escherichia,Escherichia coli
564,3,Escherichia,Escherichia fergusonii
56425,52,Mycobacterium,Mycobacterium bohemicum
565,1,Atlantibacter,Atlantibacter hermannii
5661,127,Leishmania,Leishmania donovani
569,22,Hafnia,Hafnia alvei
571,66,Klebsiella,Klebsiella oxytoca
573,252,Klebsiella,Klebsiella pneumoniae
573824,12,Enterovirus,Rhinovirus A
575,26,Raoultella,Raoultella planticola
57706,8,Citrobacter,Citrobacter braakii
57975,22,Burkholderia,Burkholderia thailandensis
582,12,Morganella,Morganella morganii
582384,1,Enterovirus,Enterovirus B
58291,131,Rhizopus,Rhizopus microsporus
584,17,Proteus,Proteus mirabilis
585,4,Proteus,Proteus vulgaris
585502,60,Hallella,Hallella bergensis
587,6,Providencia,Providencia rettgeri
588,18,Providencia,Providencia stuartii
590652,1,Mycobacterium,Mycobacterium paraseoulense
596315,148,Peptostreptococcus,Peptostreptococcus stomatis
60133,14,Prevotella,Prevotella pallens
60552,4,Burkholderia,Burkholderia vietnamiensis
611,3,Salmonella,Salmonella enterica
614,3,Serratia,Serratia liquefaciens
615,20,Serratia,Serratia marcescens
61645,13,Enterobacter,Enterobacter asburiae
61646,9,Lelliottia,Lelliottia amnigena
61647,4,Pluralibacter,Pluralibacter gergoviae
61652,2,Serratia,Serratia rubidaea
618,6,Serratia,Serratia odorifera
61853,1,Nomascus,Nomascus leucogenys
619591,1,Orthopoxvirus,Monkeypox virus
621,6,Shigella,Shigella boydii
623,52,Shigella,Shigella flexneri
624,25,Shigella,Shigella sonnei
626929,54,Bacteroides,Bacteroides clarus
626931,30,Bacteroides,Bacteroides oleiciplenus
627089,105,Mycobacterium,Mycobacterium simulans
630,34,Yersinia,Yersinia enterocolitica
631,3,Yersinia,Yersinia intermedia
632,21,Yersinia,Yersinia pestis
63221,55,Homo,Homo sapiens
633,18,Yersinia,Yersinia pseudotuberculosis
63330,1,,
636,18,Edwardsiella,Edwardsiella tarda
638313,1,Bocaparvovirus,Bocaparvovirus primate1
641809,8,Alphainfluenzavirus,Alphainfluenzavirus influenzae
644,8,Aeromonas,Aeromonas hydrophila
64495,4566,Rhizopus,Rhizopus arrhizus
64623,3117,Mucor,Mucor indicus
64648,5144,Mucor,Mucor saturninus
648,12,Aeromonas,Aeromonas caviae
648995,19,Agrobacterium,Agrobacterium pusense
650,1,Aeromonas,Aeromonas jandaei
65058,1,Corynebacterium,Corynebacterium ulcerans
651561,1,Chryseobacterium,Chryseobacterium arthrosphaerae
654,2,Aeromonas,Aeromonas veronii
656,2,Aeromonas,Aeromonas allosaccharophila
663,12,Vibrio,Vibrio alginolyticus
666,14,Vibrio,Vibrio cholerae
669,6,Vibrio,Vibrio harveyi
670,25,Vibrio,Vibrio parahaemolyticus
672,13,Vibrio,Vibrio vulnificus
673,2,Grimontia,Grimontia hollisae
67351,22,Streptomyces,Streptomyces californicus
674,4,Vibrio,Vibrio mimicus
674529,6,Bacteroides,Bacteroides faecis
676,4,Vibrio,Vibrio fluvialis
67824,2,Citrobacter,Citrobacter farmeri
67827,3,Citrobacter,Citrobacter werkmanii
679190,236,Hoylesella,Hoylesella buccalis
679937,2,Bacteroides,Bacteroides coprosuis
679940,1141,Apophysomyces,Apophysomyces ossiformis
679948,1400,Apophysomyces,Apophysomyces trapeziformis
688246,6,Hallella,Hallella multisaccharivorax
69218,8,Enterobacter,Enterobacter cancerogenus
693979,2,Bacteroides,Bacteroides helcogenes
69966,3,Macrococcoides,Macrococcoides caseolyticum
702438,32,Segatella,Segatella oulorum
70255,7,Staphylococcus,Staphylococcus condimenti
703,1,Plesiomonas,Plesiomonas shigelloides
708070,2409,Mucor,Mucor velutinosus
71237,6,Mammaliicoccus,Mammaliicoccus vitulinus
713888,882,Mucor,Mucor irregularis
714,1,Aggregatibacter,Aggregatibacter actinomycetemcomitans
72000,1,Kocuria,Kocuria rhizophila
727,4,Haemophilus,Haemophilus influenzae
729,1,Haemophilus,Haemophilus parainfluenzae
730,1,Haemophilus,[Haemophilus] ducreyi
732,5,Aggregatibacter,Aggregatibacter aphrophilus
735,2,Haemophilus,Haemophilus parahaemolyticus
739,1,Aggregatibacter,Aggregatibacter segnis
741158,5,Homo,Homo sapiens
74561,1,Enterovirus,Enterovirus B
746128,8,Aspergillus,Aspergillus fumigatus
747,31,Pasteurella,Pasteurella multocida
74829,1,Stutzerimonas,Stutzerimonas balearica
760013,411,Apophysomyces,Apophysomyces variabilis
76123,2,Hoylesella,Hoylesella enoeca
763034,194,Bacteroides,Bacteroides fluxus
76517,3,Campylobacter,Campylobacter hominis
76759,2,Pseudomonas,Pseudomonas monteilii
76860,3,Streptococcus,Streptococcus constellatus
77095,46,Segatella,Segatella bryantii
774,1,Bartonella,Bartonella bacilliformis
77917,46,Fusobacterium,Fusobacterium naviforme
78535,1,Streptococcus,Streptococcus viridans
80866,8,Delftia,Delftia acidovorans
817,24,Bacteroides,Bacteroides fragilis
818,24,Bacteroides,Bacteroides thetaiotaomicron
820,1,Bacteroides,Bacteroides uniformis
821,3,Phocaeicola,Phocaeicola vulgatus
82135,1,Fannyhessea,Fannyhessea vaginae
823,18,Parabacteroides,Parabacteroides distasonis
82541,3,Cupriavidus,Cupriavidus gilardii
82633,13,Cupriavidus,Cupriavidus pauculus
82639,14,Enterovirus,Enterovirus B
827,2,Campylobacter,Campylobacter ureolyticus
82979,1,Budvicia,Budvicia aquatica
82996,10,Serratia,Serratia plymuthica
83655,2,Leclercia,Leclercia adecarboxylata
839,2,Xylanibacter,Xylanibacter ruminicola
84030,1,Lacrimispora,Lacrimispora saccharolytica
84135,1,Gemella,Gemella sanguinis
84962,4,Mycobacterium,Mycobacterium botniense
850,8,Fusobacterium,Fusobacterium mortiferum
851,6,Fusobacterium,Fusobacterium nucleatum
85698,19,Achromobacter,Achromobacter xylosoxidans
858,10,Fusobacterium,Fusobacterium necrogenes
85831,334,Bacteroides,Bacteroides acidifaciens
859,1,Fusobacterium,Fusobacterium necrophorum
861,2,Fusobacterium,Fusobacterium ulcerans
86107,680,Enterovirus,Enterovirus A
861519,5,Enterovirus,Enterovirus C
862515,22,Hoylesella,Hoylesella marshii
86630,5775,Rhizopus,Rhizopus azygosporus
868129,6,Prevotella,Prevotella bivia
871324,182,Bacteroides,Bacteroides stercorirosoris
871325,176,Bacteroides,Bacteroides faecichinchillae
873533,8,Hoylesella,Hoylesella oralis
87883,37,Burkholderia,Burkholderia multivorans
881260,3,Enterobacter,Enterobacter bugandensis
883158,24,Prevotella,Prevotella micans
886343,1,Mycobacterium,Mycobacterium spongiae
90105,1,Salmonella,Salmonella enterica
90244,2,Oligella,Oligella ureolytica
90245,1,Oligella,Oligella urethralis
90262,94,Absidia,Absidia repens
90269,1528,Apophysomyces,Apophysomyces elegans
90371,9,Salmonella,Salmonella enterica
908937,8,Prevotella,Prevotella dentalis
915438,2,Xylanibacter,Xylanibacter oryzae
91626,1283,Mucor,Mucor ambiguus
9258,1,Ornithorhynchus,Ornithorhynchus anatinus
93218,1,Pandoraea,Pandoraea apista
93378,2,Edwardsiella,Edwardsiella hoshinae
936053,83,Rhizopus,Rhizopus delemar
93830,3,Orthohantavirus,Hantavirus Z10
95486,47,Burkholderia,Burkholderia cenocepacia
9565,1,Theropithecus,Theropithecus gelada
9606,1252776,Homo,Homo sapiens
97098,5701,Mucor,Mucor plumbeus
991902,3,Enterovirus,Enterovirus B
992230,1,Enterovirus,Rhinovirus C
997890,4,Bacteroides,Bacteroides uniformis
999422,42,Segatella,Segatella maculosa
